"municipio_id","mpioresidencia","unique_people"
"-1","-1 - No Definido",4683
"05001","05001 - Medellín",1103
"05002","05002 - Abejorral",6
"05004","05004 - Abriaquí",3
"05021","05021 - Alejandría",7
"05030","05030 - Amagá",8
"05031","05031 - Amalfi",9
"05034","05034 - Andes",7
"05038","05038 - Angostura",1
"05040","05040 - Anorí",8
"05042","05042 - Santafé De Antioquia",8
"05044","05044 - Anza",2
"05045","05045 - Apartadó",471
"05051","05051 - Arboletes",22
"05055","05055 - Argelia",146
"05059","05059 - Armenia",2
"05079","05079 - Barbosa",37
"05088","05088 - Bello",179
"05091","05091 - Betania",6
"05093","05093 - Betulia",34
"05101","05101 - Ciudad Bolívar",13
"05107","05107 - Briceño",3
"05113","05113 - Buriticá",2
"05120","05120 - Cáceres",9
"05125","05125 - Caicedo",2
"05129","05129 - Caldas",12
"05138","05138 - Cañasgordas",8
"05142","05142 - Caracolí",5
"05145","05145 - Caramanta",3
"05147","05147 - Carepa",56
"05148","05148 - El Carmen De Viboral",13
"05154","05154 - Caucasia",27
"05172","05172 - Chigorodó",274
"05190","05190 - Cisneros",3
"05197","05197 - Cocorná",18
"05206","05206 - Concepción",6
"05209","05209 - Concordia",28
"05212","05212 - Copacabana",20
"05234","05234 - Dabeiba",44
"05237","05237 - Don Matías",13
"05240","05240 - Ebéjico",9
"05250","05250 - El Bagre",9
"05264","05264 - Entrerrios",1
"05266","05266 - Envigado",15
"05282","05282 - Fredonia",4
"05284","05284 - Frontino",9
"05308","05308 - Girardota",7
"05310","05310 - Gómez Plata",7
"05313","05313 - Granada",26
"05315","05315 - Guadalupe",2
"05318","05318 - Guarne",17
"05321","05321 - Guatape",6
"05360","05360 - Itagui",56
"05361","05361 - Ituango",20
"05364","05364 - Jardín",1
"05368","05368 - Jericó",1
"05376","05376 - La Ceja",36
"05380","05380 - La Estrella",25
"05400","05400 - La Unión",29
"05411","05411 - Liborina",25
"05425","05425 - Maceo",138
"05440","05440 - Marinilla",28
"05467","05467 - Montebello",5
"05475","05475 - Murindó",2
"05480","05480 - Mutatá",15
"05483","05483 - Nariño",7
"05490","05490 - Necoclí",17
"05495","05495 - Nechí",18
"05541","05541 - Peñol",10
"05543","05543 - Peque",2
"05579","05579 - Puerto Berrío",22
"05585","05585 - Puerto Nare",2
"05591","05591 - Puerto Triunfo",19
"05604","05604 - Remedios",47
"05607","05607 - Retiro",12
"05615","05615 - Rionegro",30
"05628","05628 - Sabanalarga",5
"05631","05631 - Sabaneta",4
"05642","05642 - Salgar",13
"05647","05647 - San Andrés De Cuerquía",2
"05649","05649 - San Carlos",40
"05652","05652 - San Francisco",42
"05656","05656 - San Jerónimo",4
"05659","05659 - San Juan De Urabá",15
"05660","05660 - San Luis",18
"05664","05664 - San Pedro",3
"05665","05665 - San Pedro De Uraba",29
"05667","05667 - San Rafael",27
"05670","05670 - San Roque",12
"05674","05674 - San Vicente",58
"05679","05679 - Santa Bárbara",2
"05686","05686 - Santa Rosa De Osos",10
"05690","05690 - Santo Domingo",17
"05697","05697 - El Santuario",13
"05736","05736 - Segovia",7
"05756","05756 - Sonson",52
"05789","05789 - Támesis",3
"05790","05790 - Tarazá",13
"05809","05809 - Titiribí",4
"05819","05819 - Toledo",6
"05837","05837 - Turbo",109
"05842","05842 - Uramita",4
"05847","05847 - Urrao",13
"05854","05854 - Valdivia",5
"05856","05856 - Valparaíso",2
"05858","05858 - Vegachí",10
"05861","05861 - Venecia",5
"05873","05873 - Vigía Del Fuerte",5
"05885","05885 - Yalí",2
"05887","05887 - Yarumal",27
"05890","05890 - Yolombó",10
"05893","05893 - Yondó",9
"05895","05895 - Zaragoza",8
"08001","08001 - Barranquilla",532
"08078","08078 - Baranoa",9
"08137","08137 - Campo De La Cruz",2
"08141","08141 - Candelaria",3
"08296","08296 - Galapa",30
"08372","08372 - Juan De Acosta",1
"08421","08421 - Luruaco",4
"08433","08433 - Malambo",39
"08436","08436 - Manatí",1
"08520","08520 - Palmar De Varela",5
"08549","08549 - Piojó",4
"08558","08558 - Polonuevo",1
"08560","08560 - Ponedera",1
"08573","08573 - Puerto Colombia",15
"08634","08634 - Sabanagrande",15
"08638","08638 - Sabanalarga",6
"08675","08675 - Santa Lucía",1
"08685","08685 - Santo Tomás",4
"08758","08758 - Soledad",698
"08770","08770 - Suan",1
"08832","08832 - Tubará",2
"11001","11001 - Bogotá, D.C.",2389
"13001","13001 - Cartagena",640
"13006","13006 - Achí",18
"13030","13030 - Altos Del Rosario",1
"13042","13042 - Arenal",5
"13052","13052 - Arjona",35
"13062","13062 - Arroyohondo",1
"13074","13074 - Barranco De Loba",13
"13140","13140 - Calamar",16
"13160","13160 - Cantagallo",50
"13188","13188 - Cicuco",11
"13212","13212 - Córdoba",11
"13222","13222 - Clemencia",1
"13244","13244 - El Carmen De Bolívar",51
"13248","13248 - El Guamo",32
"13268","13268 - El Peñón",1
"13430","13430 - Magangué",46
"13433","13433 - Mahates",13
"13440","13440 - Margarita",2
"13442","13442 - María La Baja",54
"13458","13458 - Montecristo",5
"13468","13468 - Mompós",2
"13473","13473 - Morales",2
"13490","13490 - Norosí",1
"13549","13549 - Pinillos",14
"13580","13580 - Regidor",8
"13620","13620 - San Cristóbal",1
"13647","13647 - San Estanislao",1
"13650","13650 - San Fernando",1
"13654","13654 - San Jacinto",32
"13657","13657 - San Juan Nepomuceno",59
"13667","13667 - San Martín De Loba",3
"13670","13670 - San Pablo",16
"13673","13673 - Santa Catalina",3
"13683","13683 - Santa Rosa",18
"13688","13688 - Santa Rosa Del Sur",86
"13744","13744 - Simití",46
"13780","13780 - Talaigua Nuevo",2
"13810","13810 - Tiquisio",5
"13836","13836 - Turbaco",34
"13838","13838 - Turbaná",5
"13873","13873 - Villanueva",3
"13894","13894 - Zambrano",564
"15001","15001 - Tunja",31
"15087","15087 - Belén",1
"15090","15090 - Berbeo",1
"15135","15135 - Campohermoso",1
"15176","15176 - Chiquinquirá",20
"15180","15180 - Chiscas",2
"15204","15204 - Cómbita",1
"15223","15223 - Cubará",4
"15236","15236 - Chivor",1
"15238","15238 - Duitama",12
"15244","15244 - El Cocuy",1
"15299","15299 - Garagoa",1
"15322","15322 - Guateque",1
"15332","15332 - Güicán",1
"15377","15377 - Labranzagrande",1
"15407","15407 - Villa De Leyva",1
"15425","15425 - Macanal",1
"15455","15455 - Miraflores",24
"15469","15469 - Moniquirá",3
"15480","15480 - Muzo",1
"15511","15511 - Pachavita",1
"15514","15514 - Páez",2
"15516","15516 - Paipa",5
"15518","15518 - Pajarito",1
"15572","15572 - Puerto Boyacá",14
"15600","15600 - Ráquira",1
"15632","15632 - Saboyá",2
"15646","15646 - Samacá",2
"15660","15660 - San Eduardo",1
"15664","15664 - San José De Pare",1
"15667","15667 - San Luis De Gaceno",1
"15676","15676 - San Miguel De Sema",1
"15690","15690 - Santa María",1
"15693","15693 - Santa Rosa De Viterbo",1
"15740","15740 - Siachoque",1
"15755","15755 - Socotá",2
"15759","15759 - Sogamoso",9
"15790","15790 - Tasco",1
"15832","15832 - Tununguá",2
"15861","15861 - Ventaquemada",1
"15897","15897 - Zetaquira",1
"17001","17001 - Manizales",60
"17013","17013 - Aguadas",9
"17042","17042 - Anserma",6
"17050","17050 - Aranzazu",4
"17088","17088 - Belalcázar",3
"17174","17174 - Chinchiná",4
"17272","17272 - Filadelfia",3
"17380","17380 - La Dorada",44
"17388","17388 - La Merced",1
"17433","17433 - Manzanares",14
"17442","17442 - Marmato",2
"17444","17444 - Marquetalia",11
"17446","17446 - Marulanda",1
"17486","17486 - Neira",4
"17495","17495 - Norcasia",5
"17524","17524 - Palestina",4
"17541","17541 - Pensilvania",18
"17614","17614 - Riosucio",20
"17616","17616 - Risaralda",2
"17662","17662 - Samaná",28
"17665","17665 - San José",5
"17777","17777 - Supía",21
"17867","17867 - Victoria",6
"17873","17873 - Villamaría",6
"17877","17877 - Viterbo",3
"18001","18001 - Florencia",632
"18029","18029 - Albania",91
"18094","18094 - Belén De Los Andaquies",147
"18150","18150 - Cartagena Del Chairá",11
"18205","18205 - Curillo",20
"18247","18247 - El Doncello",10
"18256","18256 - El Paujil",9
"18410","18410 - La Montañita",5
"18460","18460 - Milán",7
"18479","18479 - Morelia",2
"18592","18592 - Puerto Rico",10
"18610","18610 - San José Del Fragua",194
"18753","18753 - San Vicente Del Caguán",15
"18756","18756 - Solano",3
"18785","18785 - Solita",9
"18860","18860 - Valparaíso",16
"19001","19001 - Popayán",459
"19022","19022 - Almaguer",3
"19050","19050 - Argelia",7
"19075","19075 - Balboa",2
"19100","19100 - Bolívar",30
"19110","19110 - Buenos Aires",161
"19130","19130 - Cajibío",8
"19137","19137 - Caldono",7
"19142","19142 - Caloto",4
"19212","19212 - Corinto",5
"19256","19256 - El Tambo",15
"19290","19290 - Florencia",8
"19300","19300 - Guachené",7
"19318","19318 - Guapi",10
"19355","19355 - Inzá",6
"19364","19364 - Jambaló",58
"19392","19392 - La Sierra",5
"19397","19397 - La Vega",1
"19418","19418 - López",3
"19450","19450 - Mercaderes",2
"19455","19455 - Miranda",15
"19473","19473 - Morales",8
"19513","19513 - Padilla",2
"19532","19532 - Patía",16
"19533","19533 - Piamonte",2
"19548","19548 - Piendamó",22
"19573","19573 - Puerto Tejada",9
"19585","19585 - Puracé",1
"19622","19622 - Rosas",5
"19693","19693 - San Sebastián",2
"19698","19698 - Santander De Quilichao",61
"19701","19701 - Santa Rosa",18
"19743","19743 - Silvia",4
"19760","19760 - Sotara",3
"19780","19780 - Suárez",7
"19785","19785 - Sucre",2
"19807","19807 - Timbío",23
"19809","19809 - Timbiquí",7
"19821","19821 - Toribio",27
"19845","19845 - Villa Rica",4
"20001","20001 - Valledupar",362
"20011","20011 - Aguachica",42
"20013","20013 - Agustín Codazzi",64
"20032","20032 - Astrea",9
"20045","20045 - Becerril",10
"20060","20060 - Bosconia",52
"20175","20175 - Chimichagua",9
"20178","20178 - Chiriguaná",11
"20228","20228 - Curumaní",21
"20238","20238 - El Copey",8
"20250","20250 - El Paso",4
"20295","20295 - Gamarra",3
"20310","20310 - González",3
"20383","20383 - La Gloria",3
"20400","20400 - La Jagua De Ibirico",105
"20443","20443 - Manaure",21
"20517","20517 - Pailitas",131
"20550","20550 - Pelaya",15
"20570","20570 - Pueblo Bello",2
"20614","20614 - Río De Oro",5
"20621","20621 - La Paz",22
"20710","20710 - San Alberto",11
"20750","20750 - San Diego",4
"20770","20770 - San Martín",21
"20787","20787 - Tamalameque",28
"23001","23001 - Montería",138
"23068","23068 - Ayapel",24
"23079","23079 - Buenavista",6
"23090","23090 - Canalete",4
"23162","23162 - Cereté",12
"23182","23182 - Chinú",4
"23189","23189 - Ciénaga De Oro",3
"23300","23300 - Cotorra",1
"23350","23350 - La Apartada",3
"23417","23417 - Lorica",3
"23419","23419 - Los Córdobas",5
"23464","23464 - Momil",1
"23466","23466 - Montelíbano",29
"23500","23500 - Moñitos",1
"23555","23555 - Planeta Rica",10
"23570","23570 - Pueblo Nuevo",1
"23574","23574 - Puerto Escondido",4
"23580","23580 - Puerto Libertador",5
"23586","23586 - Purísima",2
"23660","23660 - Sahagún",16
"23670","23670 - San Andrés Sotavento",23
"23672","23672 - San Antero",6
"23675","23675 - San Bernardo Del Viento",1
"23678","23678 - San Carlos",2
"23682","23682 - San José De Uré",1
"23686","23686 - San Pelayo",6
"23807","23807 - Tierralta",12
"23815","23815 - Tuchín",15
"23855","23855 - Valencia",2
"25001","25001 - Agua De Dios",4
"25019","25019 - Albán",2
"25040","25040 - Anolaima",1
"25053","25053 - Arbeláez",1
"25099","25099 - Bojacá",1
"25123","25123 - Cachipay",1
"25126","25126 - Cajicá",8
"25148","25148 - Caparrapí",4
"25168","25168 - Chaguaní",4
"25175","25175 - Chía",10
"25181","25181 - Choachí",1
"25200","25200 - Cogua",2
"25214","25214 - Cota",4
"25245","25245 - El Colegio",4
"25260","25260 - El Rosal",19
"25269","25269 - Facatativá",15
"25281","25281 - Fosca",1
"25286","25286 - Funza",12
"25290","25290 - Fusagasugá",25
"25295","25295 - Gachancipá",2
"25297","25297 - Gachetá",1
"25307","25307 - Girardot",20
"25312","25312 - Granada",4
"25317","25317 - Guachetá",3
"25320","25320 - Guaduas",3
"25328","25328 - Guayabal De Siquima",2
"25335","25335 - Guayabetal",4
"25368","25368 - Jerusalén",1
"25372","25372 - Junín",1
"25377","25377 - La Calera",2
"25386","25386 - La Mesa",3
"25394","25394 - La Palma",8
"25402","25402 - La Vega",1
"25430","25430 - Madrid",8
"25438","25438 - Medina",11
"25473","25473 - Mosquera",15
"25488","25488 - Nilo",1
"25513","25513 - Pacho",4
"25524","25524 - Pandi",1
"25530","25530 - Paratebueno",41
"25572","25572 - Puerto Salgar",2
"25580","25580 - Pulí",1
"25592","25592 - Quebradanegra",1
"25594","25594 - Quetame",1
"25596","25596 - Quipile",3
"25599","25599 - Apulo",2
"25612","25612 - Ricaurte",1
"25645","25645 - San Antonio Del Tequendama",7
"25649","25649 - San Bernardo",1
"25662","25662 - San Juan De Río Seco",5
"25718","25718 - Sasaima",2
"25740","25740 - Sibaté",4
"25743","25743 - Silvania",6
"25745","25745 - Simijaca",1
"25754","25754 - Soacha",323
"25758","25758 - Sopó",3
"25781","25781 - Sutatausa",3
"25785","25785 - Tabio",3
"25805","25805 - Tibacuy",2
"25815","25815 - Tocaima",3
"25817","25817 - Tocancipá",1
"25823","25823 - Topaipí",3
"25841","25841 - Ubaque",1
"25843","25843 - Villa De San Diego De Ubate",2
"25845","25845 - Une",3
"25851","25851 - Útica",1
"25867","25867 - Vianí",1
"25871","25871 - Villagómez",1
"25875","25875 - Villeta",3
"25878","25878 - Viotá",4
"25885","25885 - Yacopí",25
"25899","25899 - Zipaquirá",20
"27001","27001 - Quibdó",649
"27006","27006 - Acandí",30
"27025","27025 - Alto Baudó",2
"27050","27050 - Atrato",4
"27073","27073 - Bagadó",16
"27075","27075 - Bahía Solano",5
"27077","27077 - Bajo Baudó",25
"27099","27099 - Bojaya",5
"27135","27135 - El Cantón Del San Pablo",10
"27150","27150 - Carmen Del Darien",1
"27160","27160 - Cértegui",1
"27205","27205 - Condoto",3
"27245","27245 - El Carmen De Atrato",2
"27250","27250 - El Litoral Del San Juan",2
"27361","27361 - Istmina",50
"27372","27372 - Juradó",7
"27413","27413 - Lloró",3
"27425","27425 - Medio Atrato",41
"27430","27430 - Medio Baudó",167
"27450","27450 - Medio San Juan",6
"27491","27491 - Nóvita",3
"27495","27495 - Nuquí",6
"27580","27580 - Río Iro",9
"27600","27600 - Río Quito",3
"27615","27615 - Riosucio",20
"27660","27660 - San José Del Palmar",4
"27787","27787 - Tadó",6
"27800","27800 - Unguía",7
"27810","27810 - Unión Panamericana",3
"41001","41001 - Neiva",133
"41006","41006 - Acevedo",3
"41013","41013 - Agrado",1
"41020","41020 - Algeciras",11
"41026","41026 - Altamira",1
"41078","41078 - Baraya",1
"41132","41132 - Campoalegre",3
"41206","41206 - Colombia",1
"41244","41244 - Elías",1
"41298","41298 - Garzón",17
"41306","41306 - Gigante",7
"41319","41319 - Guadalupe",1
"41349","41349 - Hobo",3
"41357","41357 - Iquira",2
"41359","41359 - Isnos",8
"41378","41378 - La Argentina",3
"41396","41396 - La Plata",9
"41524","41524 - Palermo",3
"41530","41530 - Palestina",3
"41548","41548 - Pital",5
"41551","41551 - Pitalito",96
"41615","41615 - Rivera",5
"41660","41660 - Saladoblanco",2
"41668","41668 - San Agustín",6
"41676","41676 - Santa María",1
"41770","41770 - Suaza",6
"41791","41791 - Tarqui",5
"41797","41797 - Tesalia",1
"41799","41799 - Tello",2
"41801","41801 - Teruel",3
"41807","41807 - Timaná",3
"41872","41872 - Villavieja",2
"44001","44001 - Riohacha",755
"44035","44035 - Albania",12
"44078","44078 - Barrancas",11
"44090","44090 - Dibulla",28
"44110","44110 - El Molino",8
"44279","44279 - Fonseca",11
"44378","44378 - Hatonuevo",8
"44430","44430 - Maicao",33
"44560","44560 - Manaure",3
"44650","44650 - San Juan Del Cesar",105
"44847","44847 - Uribia",2
"44855","44855 - Urumita",3
"44874","44874 - Villanueva",40
"47001","47001 - Santa Marta",767
"47030","47030 - Algarrobo",20
"47053","47053 - Aracataca",144
"47058","47058 - Ariguaní",27
"47161","47161 - Cerro San Antonio",2
"47170","47170 - Chibolo",18
"47189","47189 - Ciénaga",72
"47205","47205 - Concordia",1
"47245","47245 - El Banco",7
"47258","47258 - El Piñon",9
"47268","47268 - El Retén",106
"47288","47288 - Fundación",244
"47318","47318 - Guamal",3
"47460","47460 - Nueva Granada",17
"47541","47541 - Pedraza",2
"47545","47545 - Pijiño Del Carmen",2
"47551","47551 - Pivijay",35
"47555","47555 - Plato",523
"47570","47570 - Puebloviejo",2
"47605","47605 - Remolino",26
"47660","47660 - Sabanas De San Angel",9
"47675","47675 - Salamina",7
"47692","47692 - San Sebastián De Buenavista",22
"47707","47707 - Santa Ana",5
"47720","47720 - Santa Bárbara De Pinto",16
"47745","47745 - Sitionuevo",74
"47798","47798 - Tenerife",10
"47960","47960 - Zapayán",44
"47980","47980 - Zona Bananera",353
"50001","50001 - Villavicencio",635
"50006","50006 - Acacías",102
"50110","50110 - Barranca De Upía",3
"50124","50124 - Cabuyaro",4
"50150","50150 - Castilla La Nueva",3
"50223","50223 - Cubarral",7
"50226","50226 - Cumaral",22
"50251","50251 - El Castillo",8
"50270","50270 - El Dorado",6
"50287","50287 - Fuente De Oro",16
"50313","50313 - Granada",49
"50318","50318 - Guamal",9
"50325","50325 - Mapiripán",1
"50330","50330 - Mesetas",9
"50350","50350 - La Macarena",4
"50370","50370 - Uribe",6
"50400","50400 - Lejanías",14
"50450","50450 - Puerto Concordia",1
"50568","50568 - Puerto Gaitán",26
"50573","50573 - Puerto López",15
"50577","50577 - Puerto Lleras",7
"50590","50590 - Puerto Rico",27
"50606","50606 - Restrepo",7
"50680","50680 - San Carlos De Guaroa",8
"50683","50683 - San Juan De Arama",3
"50686","50686 - San Juanito",5
"50689","50689 - San Martín",12
"50711","50711 - Vistahermosa",18
"52001","52001 - Pasto",593
"52019","52019 - Albán",4
"52036","52036 - Ancuyá",1
"52051","52051 - Arboleda",2
"52079","52079 - Barbacoas",5
"52083","52083 - Belén",5
"52110","52110 - Buesaco",12
"52203","52203 - Colón",3
"52207","52207 - Consaca",4
"52210","52210 - Contadero",1
"52215","52215 - Córdoba",9
"52224","52224 - Cuaspud",2
"52227","52227 - Cumbal",7
"52233","52233 - Cumbitara",47
"52240","52240 - Chachagüí",12
"52250","52250 - El Charco",16
"52254","52254 - El Peñol",3
"52256","52256 - El Rosario",10
"52258","52258 - El Tablón De Gómez",18
"52260","52260 - El Tambo",8
"52287","52287 - Funes",2
"52317","52317 - Guachucal",1
"52323","52323 - Gualmatán",1
"52356","52356 - Ipiales",37
"52378","52378 - La Cruz",9
"52381","52381 - La Florida",5
"52385","52385 - La Llanada",6
"52390","52390 - La Tola",7
"52399","52399 - La Unión",13
"52405","52405 - Leiva",2
"52411","52411 - Linares",8
"52418","52418 - Los Andes",19
"52427","52427 - Magüi",39
"52435","52435 - Mallama",4
"52473","52473 - Mosquera",10
"52480","52480 - Nariño",10
"52490","52490 - Olaya Herrera",8
"52506","52506 - Ospina",1
"52520","52520 - Francisco Pizarro",3
"52540","52540 - Policarpa",623
"52560","52560 - Potosí",3
"52565","52565 - Providencia",5
"52585","52585 - Pupiales",1
"52612","52612 - Ricaurte",8
"52621","52621 - Roberto Payán",8
"52678","52678 - Samaniego",33
"52683","52683 - Sandoná",17
"52685","52685 - San Bernardo",21
"52687","52687 - San Lorenzo",11
"52693","52693 - San Pablo",3
"52694","52694 - San Pedro De Cartago",1
"52696","52696 - Santa Bárbara",8
"52699","52699 - Santacruz",1
"52720","52720 - Sapuyes",1
"52786","52786 - Taminango",31
"52788","52788 - Tangua",1
"52835","52835 - San Andres De Tumaco",343
"52838","52838 - Túquerres",2
"54001","54001 - Cúcuta",369
"54003","54003 - Abrego",6
"54051","54051 - Arboledas",2
"54099","54099 - Bochalema",1
"54172","54172 - Chinácota",6
"54206","54206 - Convención",16
"54223","54223 - Cucutilla",1
"54239","54239 - Durania",2
"54245","54245 - El Carmen",8
"54250","54250 - El Tarra",21
"54261","54261 - El Zulia",20
"54344","54344 - Hacarí",6
"54377","54377 - Labateca",1
"54385","54385 - La Esperanza",1
"54398","54398 - La Playa",4
"54405","54405 - Los Patios",23
"54480","54480 - Mutiscua",2
"54498","54498 - Ocaña",179
"54518","54518 - Pamplona",11
"54520","54520 - Pamplonita",1
"54553","54553 - Puerto Santander",3
"54660","54660 - Salazar",3
"54670","54670 - San Calixto",110
"54673","54673 - San Cayetano",1
"54680","54680 - Santiago",5
"54720","54720 - Sardinata",14
"54800","54800 - Teorama",92
"54810","54810 - Tibú",30
"54820","54820 - Toledo",1
"54871","54871 - Villa Caro",3
"54874","54874 - Villa Del Rosario",35
"63001","63001 - Armenia",103
"63111","63111 - Buenavista",1
"63130","63130 - Calarca",29
"63190","63190 - Circasia",3
"63212","63212 - Córdoba",1
"63272","63272 - Filandia",4
"63302","63302 - Génova",2
"63401","63401 - La Tebaida",7
"63470","63470 - Montenegro",11
"63548","63548 - Pijao",1
"63594","63594 - Quimbaya",5
"63690","63690 - Salento",1
"66001","66001 - Pereira",145
"66045","66045 - Apía",4
"66075","66075 - Balboa",1
"66088","66088 - Belén De Umbría",7
"66170","66170 - Dosquebradas",47
"66318","66318 - Guática",1
"66383","66383 - La Celia",5
"66400","66400 - La Virginia",51
"66440","66440 - Marsella",8
"66456","66456 - Mistrató",5
"66572","66572 - Pueblo Rico",5
"66594","66594 - Quinchía",26
"66682","66682 - Santa Rosa De Cabal",21
"66687","66687 - Santuario",15
"68001","68001 - Bucaramanga",137
"68013","68013 - Aguada",1
"68077","68077 - Barbosa",5
"68081","68081 - Barrancabermeja",83
"68092","68092 - Betulia",1
"68101","68101 - Bolívar",1
"68162","68162 - Cerrito",1
"68167","68167 - Charalá",10
"68169","68169 - Charta",1
"68176","68176 - Chima",3
"68190","68190 - Cimitarra",21
"68207","68207 - Concepción",2
"68211","68211 - Contratación",1
"68217","68217 - Coromoro",8
"68229","68229 - Curití",1
"68235","68235 - El Carmen De Chucurí",4
"68250","68250 - El Peñón",4
"68255","68255 - El Playón",9
"68264","68264 - Encino",2
"68266","68266 - Enciso",3
"68276","68276 - Floridablanca",65
"68307","68307 - Girón",27
"68320","68320 - Guadalupe",2
"68324","68324 - Guavatá",1
"68385","68385 - Landázuri",3
"68406","68406 - Lebríja",16
"68425","68425 - Macaravita",1
"68432","68432 - Málaga",5
"68444","68444 - Matanza",8
"68464","68464 - Mogotes",1
"68500","68500 - Oiba",1
"68547","68547 - Piedecuesta",43
"68549","68549 - Pinchote",1
"68573","68573 - Puerto Parra",1
"68575","68575 - Puerto Wilches",18
"68615","68615 - Rionegro",26
"68655","68655 - Sabana De Torres",20
"68679","68679 - San Gil",14
"68684","68684 - San José De Miranda",5
"68689","68689 - San Vicente De Chucurí",25
"68720","68720 - Santa Helena Del Opón",1
"68745","68745 - Simacota",8
"68755","68755 - Socorro",7
"68773","68773 - Sucre",2
"68780","68780 - Suratá",1
"68861","68861 - Vélez",2
"68867","68867 - Vetas",2
"68895","68895 - Zapatoca",1
"70001","70001 - Sincelejo",297
"70110","70110 - Buenavista",8
"70124","70124 - Caimito",3
"70204","70204 - Coloso",4
"70215","70215 - Corozal",132
"70221","70221 - Coveñas",3
"70230","70230 - Chalán",2
"70233","70233 - El Roble",5
"70235","70235 - Galeras",7
"70265","70265 - Guaranda",1
"70400","70400 - La Unión",4
"70418","70418 - Los Palmitos",21
"70429","70429 - Majagual",38
"70473","70473 - Morroa",7
"70508","70508 - Ovejas",13
"70523","70523 - Palmito",27
"70670","70670 - Sampués",7
"70678","70678 - San Benito Abad",10
"70702","70702 - San Juan De Betulia",2
"70708","70708 - San Marcos",13
"70713","70713 - San Onofre",49
"70717","70717 - San Pedro",10
"70742","70742 - San Luis De Sincé",4
"70771","70771 - Sucre",7
"70820","70820 - Santiago De Tolú",4
"70823","70823 - Tolú Viejo",17
"73001","73001 - Ibagué",161
"73024","73024 - Alpujarra",1
"73043","73043 - Anzoátegui",2
"73055","73055 - Armero",5
"73067","73067 - Ataco",4
"73124","73124 - Cajamarca",1
"73152","73152 - Casabianca",1
"73168","73168 - Chaparral",11
"73217","73217 - Coyaima",3
"73226","73226 - Cunday",2
"73236","73236 - Dolores",1
"73268","73268 - Espinal",1
"73270","73270 - Falan",2
"73275","73275 - Flandes",1
"73283","73283 - Fresno",9
"73319","73319 - Guamo",2
"73347","73347 - Herveo",3
"73349","73349 - Honda",1
"73408","73408 - Lérida",27
"73411","73411 - Líbano",26
"73443","73443 - Mariquita",71
"73449","73449 - Melgar",7
"73483","73483 - Natagaima",2
"73504","73504 - Ortega",7
"73520","73520 - Palocabildo",3
"73555","73555 - Planadas",2
"73563","73563 - Prado",5
"73616","73616 - Rioblanco",2
"73624","73624 - Rovira",2
"73671","73671 - Saldaña",2
"73675","73675 - San Antonio",1
"73678","73678 - San Luis",12
"73686","73686 - Santa Isabel",1
"76001","76001 - Cali",1077
"76020","76020 - Alcalá",14
"76036","76036 - Andalucía",8
"76041","76041 - Ansermanuevo",1
"76054","76054 - Argelia",3
"76100","76100 - Bolívar",2
"76109","76109 - Buenaventura",285
"76111","76111 - Guadalajara De Buga",12
"76113","76113 - Bugalagrande",24
"76122","76122 - Caicedonia",12
"76126","76126 - Calima",72
"76130","76130 - Candelaria",12
"76147","76147 - Cartago",16
"76233","76233 - Dagua",73
"76243","76243 - El Águila",4
"76246","76246 - El Cairo",7
"76248","76248 - El Cerrito",8
"76250","76250 - El Dovio",2
"76275","76275 - Florida",47
"76306","76306 - Ginebra",12
"76318","76318 - Guacarí",7
"76364","76364 - Jamundí",62
"76377","76377 - La Cumbre",5
"76400","76400 - La Unión",1
"76403","76403 - La Victoria",1
"76497","76497 - Obando",3
"76520","76520 - Palmira",50
"76563","76563 - Pradera",22
"76606","76606 - Restrepo",13
"76616","76616 - Riofrío",19
"76622","76622 - Roldanillo",2
"76670","76670 - San Pedro",4
"76736","76736 - Sevilla",3
"76823","76823 - Toro",4
"76828","76828 - Trujillo",37
"76834","76834 - Tuluá",272
"76863","76863 - Versalles",1
"76869","76869 - Vijes",2
"76890","76890 - Yotoco",14
"76892","76892 - Yumbo",46
"76895","76895 - Zarzal",5
"81001","81001 - Arauca",66
"81065","81065 - Arauquita",18
"81220","81220 - Cravo Norte",1
"81300","81300 - Fortul",8
"81736","81736 - Saravena",84
"81794","81794 - Tame",35
"85001","85001 - Yopal",106
"85010","85010 - Aguazul",15
"85015","85015 - Chameza",2
"85125","85125 - Hato Corozal",3
"85136","85136 - La Salina",1
"85139","85139 - Maní",11
"85162","85162 - Monterrey",29
"85225","85225 - Nunchía",3
"85230","85230 - Orocué",8
"85250","85250 - Paz De Ariporo",37
"85263","85263 - Pore",9
"85279","85279 - Recetor",2
"85300","85300 - Sabanalarga",2
"85325","85325 - San Luis De Palenque",3
"85400","85400 - Támara",7
"85410","85410 - Tauramena",41
"85430","85430 - Trinidad",8
"85440","85440 - Villanueva",19
"86001","86001 - Mocoa",127
"86219","86219 - Colón",4
"86320","86320 - Orito",93
"86568","86568 - Puerto Asís",41
"86569","86569 - Puerto Caicedo",3
"86571","86571 - Puerto Guzmán",1
"86573","86573 - Leguízamo",10
"86749","86749 - Sibundoy",9
"86755","86755 - San Francisco",5
"86757","86757 - San Miguel",122
"86760","86760 - Santiago",3
"86865","86865 - Valle Del Guamuez",528
"86885","86885 - Villagarzón",28
"88001","88001 - San Andrés",4
"91001","91001 - Leticia",14
"91405","91405 - La Chorrera",3
"91536","91536 - Puerto Arica",2
"91540","91540 - Puerto Nariño",1
"94001","94001 - Inírida",11
"94343","94343 - Barranco Minas",1
"95001","95001 - San José Del Guaviare",35
"95015","95015 - Calamar",3
"95025","95025 - El Retorno",7
"97001","97001 - Mitú",7
"97161","97161 - Caruru",3
"97666","97666 - Taraira",3
"99001","99001 - Puerto Carreño",4
"99524","99524 - La Primavera",2
"99624","99624 - Santa Rosalía",2
"99773","99773 - Cumaribo",4
